{
  "n_items": 100,
  "kappa_raw": 0.07918968692449357,
  "kappa_denoised": 0.07918968692449357,
  "alpha_raw": -0.031490859808371185,
  "alpha_denoised": -0.031490859808371185,
  "pearson_raw": 0.7405215626810915,
  "pearson_denoised": 0.7263557127007998,
  "spearman_raw": 0.7472377853074985,
  "spearman_denoised": 0.7465206834840128,
  "ece_raw": 0.14843695752367717,
  "ece_denoised": 0.15552246698100758,
  "brier_raw": 0.8386715924471605,
  "brier_denoised": 0.8757874526724634
}