{
  "claude_ensemble": {
    "n": 200,
    "n_records": 13200,
    "pearson_raw": 0.7533610682662579,
    "pearson_denoised": 0.7480495165010236,
    "spearman_raw": 0.7023082559504772,
    "spearman_denoised": 0.7017712754822018,
    "ece_raw": 0.11107462121212114,
    "ece_denoised": 0.11784069299713631,
    "brier_raw": 0.9689337708907252,
    "brier_denoised": 0.9988591788056776,
    "mean_posterior_std": 0.08415457694335149,
    "pred_range": [
      1.250647115370548,
      3.4456271546907655
    ],
    "compression_ratio": 0.5528916975617676,
    "per_judge": {
      "claude-haiku-4-5@T0": {
        "pearson": 0.7136062153373616,
        "spearman": 0.6721579769455095,
        "ece": 0.11624659090909104,
        "brier": 1.0093818884297519,
        "mean_score": 2.8872727272727277,
        "std_score": 0.3568097856568621,
        "pred_range": [
          1.4545454545454546,
          3.5454545454545454
        ]
      },
      "claude-sonnet-4-5@T0": {
        "pearson": 0.7404926162568128,
        "spearman": 0.7022971539690879,
        "ece": 0.11783068181818183,
        "brier": 0.9320641198347107,
        "mean_score": 2.867954545454545,
        "std_score": 0.4164389942721662,
        "pred_range": [
          1.0,
          4.0
        ]
      },
      "claude-haiku-4-5@T0.6": {
        "pearson": 0.7051288965947029,
        "spearman": 0.6588140033447815,
        "ece": 0.1160079545454545,
        "brier": 1.00452197107438,
        "mean_score": 2.887954545454545,
        "std_score": 0.3689631860289426,
        "pred_range": [
          1.3636363636363635,
          3.6363636363636362
        ]
      }
    }
  },
  "together_ensemble": {
    "n": 200,
    "n_records": 13200,
    "pearson_raw": 0.8026722003198721,
    "pearson_denoised": 0.8046921479314648,
    "spearman_raw": 0.7174591340362603,
    "spearman_denoised": 0.7177437606186196,
    "ece_raw": 0.2068867424242424,
    "ece_denoised": 0.21018129759859433,
    "brier_raw": 1.3406364338842973,
    "brier_denoised": 1.339417222889259,
    "mean_posterior_std": 0.052857740477861466,
    "pred_range": [
      1.0,
      5.0
    ],
    "compression_ratio": 1.0075566750629723,
    "per_judge": {
      "Qwen2.5-7B-Instruct-Turbo": {
        "pearson": 0.8307310629041028,
        "spearman": 0.8039333719956308,
        "ece": 0.20399204545454544,
        "brier": 1.2553323016528928,
        "mean_score": 2.3740909090909095,
        "std_score": 1.5844069073107085,
        "pred_range": [
          1.0,
          5.0
        ]
      },
      "Llama-3.3-70B-Instruct-Turbo": {
        "pearson": 0.715934682392068,
        "spearman": 0.6678993510510325,
        "ece": 0.22298750000000003,
        "brier": 1.6293265165289257,
        "mean_score": 2.641818181818181,
        "std_score": 1.7283881565883026,
        "pred_range": [
          1.0,
          5.0
        ]
      },
      "DeepSeek-V3": {
        "pearson": 0.7734501913537124,
        "spearman": 0.7301296734792021,
        "ece": 0.2661806818181818,
        "brier": 1.8994405661157026,
        "mean_score": 2.103181818181818,
        "std_score": 1.5690953202297628,
        "pred_range": [
          1.0,
          5.0
        ]
      }
    }
  },
  "per_level_variance": {
    "claude": {
      "0": 0.585,
      "2": 0.5504166666666667,
      "3": 0.49972222222222223,
      "4": 0.5458333333333334,
      "5": 0.5013888888888889,
      "7": 0.5558404558404558
    },
    "together": {
      "0": 0.495,
      "1": 0.37236111111111114,
      "2": 0.3497222222222222,
      "3": 0.4177777777777778,
      "4": 0.5495833333333333,
      "5": 0.4108333333333334,
      "6": 0.39486111111111116,
      "7": 0.40388888888888885
    }
  }
}