{
  "synthetic": {
    "n": 100,
    "pearson": 0.7263557127007998,
    "spearman": 0.7465206834840128,
    "ece": 0.15552246698100758,
    "brier": 0.8757874526724634,
    "pred_range": [
      2.5543728453092345,
      4.888601283054471
    ],
    "gold_range": [
      1.0,
      5.0
    ]
  },
  "lingoqa": {
    "n": 200,
    "pearson": 0.7480495165010236,
    "spearman": 0.7017712754822018,
    "ece": 0.11784069299713631,
    "brier": 0.9988591788056776,
    "pred_range": [
      1.250647115370548,
      3.4456271546907655
    ],
    "gold_range": [
      1.02,
      4.99
    ],
    "compression_ratio": 0.5528916975617676
  }
}